<?xml version="1.0" encoding="UTF-8"?>
<!-- IMPORTANT: This is an internal file that has been generated
     by the Xilinx ISE software.  Any direct editing or
     changes made to this file may result in unpredictable
     behavior or data corruption.  It is strongly advised that
     users do not edit the contents of this file. -->
<DeviceUsageSummary rev="60">
<DesignStatistics TimeStamp="Sat Jul 11 10:05:36 2015"><group name="NetStatistics">
<item name="NumNets_Active" rev="60">
<attrib name="value" value="1275"/></item>
<item name="NumNets_Gnd" rev="60">
<attrib name="value" value="1"/></item>
<item name="NumNets_Vcc" rev="60">
<attrib name="value" value="1"/></item>
<item name="NumNodesOfType_Active_BOUNCEACROSS" rev="60">
<attrib name="value" value="32"/></item>
<item name="NumNodesOfType_Active_BOUNCEIN" rev="60">
<attrib name="value" value="172"/></item>
<item name="NumNodesOfType_Active_BUFGOUT" rev="60">
<attrib name="value" value="5"/></item>
<item name="NumNodesOfType_Active_BUFHINP2OUT" rev="60">
<attrib name="value" value="11"/></item>
<item name="NumNodesOfType_Active_BUFIOINP" rev="60">
<attrib name="value" value="2"/></item>
<item name="NumNodesOfType_Active_CLKPIN" rev="60">
<attrib name="value" value="232"/></item>
<item name="NumNodesOfType_Active_CLKPINFEED" rev="60">
<attrib name="value" value="31"/></item>
<item name="NumNodesOfType_Active_CNTRLPIN" rev="60">
<attrib name="value" value="264"/></item>
<item name="NumNodesOfType_Active_DOUBLE" rev="60">
<attrib name="value" value="1468"/></item>
<item name="NumNodesOfType_Active_GENERIC" rev="60">
<attrib name="value" value="118"/></item>
<item name="NumNodesOfType_Active_GLOBAL" rev="60">
<attrib name="value" value="93"/></item>
<item name="NumNodesOfType_Active_INPUT" rev="60">
<attrib name="value" value="145"/></item>
<item name="NumNodesOfType_Active_IOBIN2OUT" rev="60">
<attrib name="value" value="94"/></item>
<item name="NumNodesOfType_Active_IOBOUTPUT" rev="60">
<attrib name="value" value="95"/></item>
<item name="NumNodesOfType_Active_LUTINPUT" rev="60">
<attrib name="value" value="3691"/></item>
<item name="NumNodesOfType_Active_OUTBOUND" rev="60">
<attrib name="value" value="1203"/></item>
<item name="NumNodesOfType_Active_OUTPUT" rev="60">
<attrib name="value" value="1207"/></item>
<item name="NumNodesOfType_Active_PADINPUT" rev="60">
<attrib name="value" value="75"/></item>
<item name="NumNodesOfType_Active_PADOUTPUT" rev="60">
<attrib name="value" value="19"/></item>
<item name="NumNodesOfType_Active_PINBOUNCE" rev="60">
<attrib name="value" value="697"/></item>
<item name="NumNodesOfType_Active_PINFEED" rev="60">
<attrib name="value" value="4215"/></item>
<item name="NumNodesOfType_Active_PINFEED1" rev="60">
<attrib name="value" value="1"/></item>
<item name="NumNodesOfType_Active_PINFEED2" rev="60">
<attrib name="value" value="3"/></item>
<item name="NumNodesOfType_Active_QUAD" rev="60">
<attrib name="value" value="762"/></item>
<item name="NumNodesOfType_Active_REGINPUT" rev="60">
<attrib name="value" value="140"/></item>
<item name="NumNodesOfType_Active_SINGLE" rev="60">
<attrib name="value" value="1956"/></item>
<item name="NumNodesOfType_Gnd_BOUNCEIN" rev="60">
<attrib name="value" value="52"/></item>
<item name="NumNodesOfType_Gnd_CLKPIN" rev="60">
<attrib name="value" value="1"/></item>
<item name="NumNodesOfType_Gnd_CNTRLPIN" rev="60">
<attrib name="value" value="3"/></item>
<item name="NumNodesOfType_Gnd_DOUBLE" rev="60">
<attrib name="value" value="3"/></item>
<item name="NumNodesOfType_Gnd_GENERIC" rev="60">
<attrib name="value" value="3"/></item>
<item name="NumNodesOfType_Gnd_HGNDOUT" rev="60">
<attrib name="value" value="28"/></item>
<item name="NumNodesOfType_Gnd_INPUT" rev="60">
<attrib name="value" value="104"/></item>
<item name="NumNodesOfType_Gnd_IOBIN2OUT" rev="60">
<attrib name="value" value="3"/></item>
<item name="NumNodesOfType_Gnd_IOBINPUT" rev="60">
<attrib name="value" value="1"/></item>
<item name="NumNodesOfType_Gnd_IOBOUTPUT" rev="60">
<attrib name="value" value="3"/></item>
<item name="NumNodesOfType_Gnd_LUTINPUT" rev="60">
<attrib name="value" value="2"/></item>
<item name="NumNodesOfType_Gnd_OUTBOUND" rev="60">
<attrib name="value" value="5"/></item>
<item name="NumNodesOfType_Gnd_OUTPUT" rev="60">
<attrib name="value" value="5"/></item>
<item name="NumNodesOfType_Gnd_PADINPUT" rev="60">
<attrib name="value" value="3"/></item>
<item name="NumNodesOfType_Gnd_PINBOUNCE" rev="60">
<attrib name="value" value="86"/></item>
<item name="NumNodesOfType_Gnd_PINFEED" rev="60">
<attrib name="value" value="104"/></item>
<item name="NumNodesOfType_Gnd_QUAD" rev="60">
<attrib name="value" value="1"/></item>
<item name="NumNodesOfType_Gnd_REGINPUT" rev="60">
<attrib name="value" value="58"/></item>
<item name="NumNodesOfType_Gnd_SINGLE" rev="60">
<attrib name="value" value="5"/></item>
<item name="NumNodesOfType_Vcc_CNTRLPIN" rev="60">
<attrib name="value" value="3"/></item>
<item name="NumNodesOfType_Vcc_GENERIC" rev="60">
<attrib name="value" value="2"/></item>
<item name="NumNodesOfType_Vcc_HVCCOUT" rev="60">
<attrib name="value" value="115"/></item>
<item name="NumNodesOfType_Vcc_IOBIN2OUT" rev="60">
<attrib name="value" value="3"/></item>
<item name="NumNodesOfType_Vcc_IOBOUTPUT" rev="60">
<attrib name="value" value="2"/></item>
<item name="NumNodesOfType_Vcc_KVCCOUT" rev="60">
<attrib name="value" value="4"/></item>
<item name="NumNodesOfType_Vcc_LUTINPUT" rev="60">
<attrib name="value" value="326"/></item>
<item name="NumNodesOfType_Vcc_PADINPUT" rev="60">
<attrib name="value" value="2"/></item>
<item name="NumNodesOfType_Vcc_PINBOUNCE" rev="60">
<attrib name="value" value="3"/></item>
<item name="NumNodesOfType_Vcc_PINFEED" rev="60">
<attrib name="value" value="330"/></item>
<item name="NumNodesOfType_Vcc_REGINPUT" rev="60">
<attrib name="value" value="1"/></item>
</group>
<group name="SiteStatistics">
<item name="BUFG-BUFGMUX" rev="60">
<attrib name="value" value="5"/></item>
<item name="IOB-IOBM" rev="60">
<attrib name="value" value="32"/></item>
<item name="IOB-IOBS" rev="60">
<attrib name="value" value="35"/></item>
<item name="SLICEL-SLICEM" rev="60">
<attrib name="value" value="46"/></item>
<item name="SLICEX-SLICEL" rev="60">
<attrib name="value" value="40"/></item>
<item name="SLICEX-SLICEM" rev="60">
<attrib name="value" value="35"/></item>
</group>
<group name="MiscellaneousStatistics">
<item name="AGG_BONDED_IO" rev="59">
<attrib name="value" value="67"/></item>
<item name="AGG_IO" rev="59">
<attrib name="value" value="67"/></item>
<item name="AGG_LOCED_IO" rev="59">
<attrib name="value" value="67"/></item>
<item name="AGG_SLICE" rev="59">
<attrib name="value" value="288"/></item>
<item name="NUM_BONDED_IOB" rev="59">
<attrib name="value" value="67"/></item>
<item name="NUM_BSFULL" rev="59">
<attrib name="value" value="676"/></item>
<item name="NUM_BSLUTONLY" rev="59">
<attrib name="value" value="249"/></item>
<item name="NUM_BSREGONLY" rev="59">
<attrib name="value" value="56"/></item>
<item name="NUM_BSUSED" rev="59">
<attrib name="value" value="981"/></item>
<item name="NUM_BUFG" rev="59">
<attrib name="value" value="5"/></item>
<item name="NUM_BUFIO2" rev="59">
<attrib name="value" value="1"/></item>
<item name="NUM_BUFIO2FB" rev="59">
<attrib name="value" value="1"/></item>
<item name="NUM_DCM" rev="59">
<attrib name="value" value="1"/></item>
<item name="NUM_IOB_FF" rev="59">
<attrib name="value" value="1"/></item>
<item name="NUM_LOCED_IOB" rev="59">
<attrib name="value" value="67"/></item>
<item name="NUM_LOGIC_O5ANDO6" rev="59">
<attrib name="value" value="206"/></item>
<item name="NUM_LOGIC_O5ONLY" rev="59">
<attrib name="value" value="81"/></item>
<item name="NUM_LOGIC_O6ONLY" rev="59">
<attrib name="value" value="586"/></item>
<item name="NUM_LUT_RT_DRIVES_CARRY4" rev="59">
<attrib name="value" value="8"/></item>
<item name="NUM_LUT_RT_DRIVES_FLOP" rev="59">
<attrib name="value" value="42"/></item>
<item name="NUM_LUT_RT_EXO5" rev="59">
<attrib name="value" value="42"/></item>
<item name="NUM_LUT_RT_EXO6" rev="59">
<attrib name="value" value="8"/></item>
<item name="NUM_LUT_RT_O5" rev="59">
<attrib name="value" value="29"/></item>
<item name="NUM_LUT_RT_O6" rev="59">
<attrib name="value" value="81"/></item>
<item name="NUM_OLOGIC2" rev="59">
<attrib name="value" value="1"/></item>
<item name="NUM_RAMB16BWER" rev="59">
<attrib name="value" value="1"/></item>
<item name="NUM_RAMB8BWER" rev="59">
<attrib name="value" value="1"/></item>
<item name="NUM_SLICEL" rev="59">
<attrib name="value" value="84"/></item>
<item name="NUM_SLICEM" rev="59">
<attrib name="value" value="2"/></item>
<item name="NUM_SLICEX" rev="59">
<attrib name="value" value="202"/></item>
<item name="NUM_SLICE_CARRY4" rev="59">
<attrib name="value" value="80"/></item>
<item name="NUM_SLICE_CONTROLSET" rev="59">
<attrib name="value" value="55"/></item>
<item name="NUM_SLICE_CYINIT" rev="59">
<attrib name="value" value="1265"/></item>
<item name="NUM_SLICE_F7MUX" rev="59">
<attrib name="value" value="4"/></item>
<item name="NUM_SLICE_FF" rev="59">
<attrib name="value" value="841"/></item>
<item name="NUM_SLICE_UNUSEDCTRL" rev="59">
<attrib name="value" value="58"/></item>
<item name="NUM_SRL_O6ONLY" rev="59">
<attrib name="value" value="2"/></item>
<item name="NUM_UNUSABLE_FF_BELS" rev="59">
<attrib name="value" value="213"/></item>
<item name="Xilinx Core fifo_generator_v9_3, Xilinx CORE Generator 14.7" rev="59">
<attrib name="value" value="2"/></item>
</group>
</DesignStatistics>
<DeviceUsage TimeStamp="Sat Jul 11 10:05:36 2015"><group name="SiteSummary">
<item name="BUFG" rev="60">
<attrib name="total" value="1000000"/><attrib name="used" value="5"/></item>
<item name="BUFG_BUFG" rev="60">
<attrib name="total" value="1000000"/><attrib name="used" value="5"/></item>
<item name="BUFIO2" rev="60">
<attrib name="total" value="1000000"/><attrib name="used" value="1"/></item>
<item name="BUFIO2FB" rev="60">
<attrib name="total" value="1000000"/><attrib name="used" value="1"/></item>
<item name="BUFIO2FB_BUFIO2FB" rev="60">
<attrib name="total" value="1000000"/><attrib name="used" value="1"/></item>
<item name="BUFIO2_BUFIO2" rev="60">
<attrib name="total" value="1000000"/><attrib name="used" value="1"/></item>
<item name="CARRY4" rev="60">
<attrib name="total" value="1000000"/><attrib name="used" value="80"/></item>
<item name="DCM" rev="60">
<attrib name="total" value="1000000"/><attrib name="used" value="1"/></item>
<item name="DCM_DCM" rev="60">
<attrib name="total" value="1000000"/><attrib name="used" value="1"/></item>
<item name="FF_SR" rev="60">
<attrib name="total" value="1000000"/><attrib name="used" value="117"/></item>
<item name="HARD0" rev="60">
<attrib name="total" value="1000000"/><attrib name="used" value="8"/></item>
<item name="HARD1" rev="60">
<attrib name="total" value="1000000"/><attrib name="used" value="16"/></item>
<item name="INVERTER" rev="60">
<attrib name="total" value="1000000"/><attrib name="used" value="1"/></item>
<item name="IOB" rev="60">
<attrib name="total" value="1000000"/><attrib name="used" value="67"/></item>
<item name="IOB_IMUX" rev="60">
<attrib name="total" value="1000000"/><attrib name="used" value="19"/></item>
<item name="IOB_INBUF" rev="60">
<attrib name="total" value="1000000"/><attrib name="used" value="19"/></item>
<item name="IOB_OUTBUF" rev="60">
<attrib name="total" value="1000000"/><attrib name="used" value="64"/></item>
<item name="LUT5" rev="60">
<attrib name="total" value="1000000"/><attrib name="used" value="358"/></item>
<item name="LUT6" rev="60">
<attrib name="total" value="1000000"/><attrib name="used" value="879"/></item>
<item name="LUT_OR_MEM6" rev="60">
<attrib name="total" value="1000000"/><attrib name="used" value="4"/></item>
<item name="OLOGIC2" rev="60">
<attrib name="total" value="1000000"/><attrib name="used" value="1"/></item>
<item name="OLOGIC2_OUTFF" rev="60">
<attrib name="total" value="1000000"/><attrib name="used" value="1"/></item>
<item name="PAD" rev="60">
<attrib name="total" value="1000000"/><attrib name="used" value="67"/></item>
<item name="RAMB16BWER" rev="60">
<attrib name="total" value="1000000"/><attrib name="used" value="1"/></item>
<item name="RAMB16BWER_RAMB16BWER" rev="60">
<attrib name="total" value="1000000"/><attrib name="used" value="1"/></item>
<item name="RAMB8BWER" rev="60">
<attrib name="total" value="1000000"/><attrib name="used" value="1"/></item>
<item name="RAMB8BWER_RAMB8BWER" rev="60">
<attrib name="total" value="1000000"/><attrib name="used" value="1"/></item>
<item name="REG_SR" rev="60">
<attrib name="total" value="1000000"/><attrib name="used" value="724"/></item>
<item name="SELMUX2_1" rev="60">
<attrib name="total" value="1000000"/><attrib name="used" value="4"/></item>
<item name="SLICEL" rev="60">
<attrib name="total" value="1000000"/><attrib name="used" value="84"/></item>
<item name="SLICEM" rev="60">
<attrib name="total" value="1000000"/><attrib name="used" value="2"/></item>
<item name="SLICEX" rev="60">
<attrib name="total" value="1000000"/><attrib name="used" value="202"/></item>
</group>
</DeviceUsage>
<ReportConfigData TimeStamp="Sat Jul 11 10:05:36 2015"><group name="REG_SR">
<item name="CK" rev="60">
<attrib name="CK" value="504"/><attrib name="CK_INV" value="220"/></item>
<item name="LATCH_OR_FF" rev="60">
<attrib name="FF" value="724"/></item>
<item name="SRINIT" rev="60">
<attrib name="SRINIT0" value="639"/><attrib name="SRINIT1" value="85"/></item>
<item name="SYNC_ATTR" rev="60">
<attrib name="ASYNC" value="682"/><attrib name="SYNC" value="42"/></item>
</group>
<group name="LUT_OR_MEM5">
<item name="CLK" rev="24">
<attrib name="CLK" value="114"/><attrib name="CLK_INV" value="0"/></item>
<item name="LUT_OR_MEM" rev="24">
<attrib name="LUT" value="1"/><attrib name="RAM" value="114"/></item>
<item name="RAMMODE" rev="24">
<attrib name="SRL16" value="114"/></item>
</group>
<group name="LUT_OR_MEM6">
<item name="CLK" rev="60">
<attrib name="CLK" value="2"/><attrib name="CLK_INV" value="0"/></item>
<item name="LUT_OR_MEM" rev="60">
<attrib name="LUT" value="2"/><attrib name="RAM" value="2"/></item>
<item name="RAMMODE" rev="60">
<attrib name="SRL16" value="1"/><attrib name="SRL32" value="1"/></item>
</group>
<group name="SLICEL">
<item name="CLK" rev="60">
<attrib name="CLK" value="51"/><attrib name="CLK_INV" value="4"/></item>
</group>
<group name="SLICEM">
<item name="CLK" rev="60">
<attrib name="CLK" value="2"/><attrib name="CLK_INV" value="0"/></item>
</group>
<group name="IOB_OUTBUF">
<item name="DRIVEATTRBOX" rev="60">
<attrib name="12" value="64"/></item>
<item name="SLEW" rev="60">
<attrib name="SLOW" value="64"/></item>
<item name="SUSPEND" rev="60">
<attrib name="3STATE" value="64"/></item>
</group>
<group name="SLICEX">
<item name="CLK" rev="60">
<attrib name="CLK" value="113"/><attrib name="CLK_INV" value="60"/></item>
</group>
<group name="BSCAN_BSCAN">
<item name="JTAG_CHAIN" rev="24">
<attrib name="1" value="1"/></item>
<item name="JTAG_TEST" rev="24">
<attrib name="0" value="1"/></item>
</group>
<group name="BUFIO2FB_BUFIO2FB">
<item name="DIVIDE_BYPASS" rev="60">
<attrib name="TRUE" value="1"/></item>
<item name="INVERT_INPUTS" rev="60">
<attrib name="FALSE" value="1"/></item>
</group>
<group name="OLOGIC2">
<item name="CLK0" rev="60">
<attrib name="CLK0_INV" value="0"/><attrib name="CLK0" value="1"/></item>
<item name="CLK1" rev="60">
<attrib name="CLK1" value="0"/><attrib name="CLK1_INV" value="1"/></item>
</group>
<group name="RAMB16BWER">
<item name="CLKA" rev="60">
<attrib name="CLKA_INV" value="0"/><attrib name="CLKA" value="1"/></item>
<item name="CLKB" rev="60">
<attrib name="CLKB_INV" value="0"/><attrib name="CLKB" value="1"/></item>
<item name="ENA" rev="60">
<attrib name="ENA_INV" value="0"/><attrib name="ENA" value="1"/></item>
<item name="ENB" rev="60">
<attrib name="ENB_INV" value="0"/><attrib name="ENB" value="1"/></item>
<item name="REGCEA" rev="60">
<attrib name="REGCEA_INV" value="0"/><attrib name="REGCEA" value="1"/></item>
<item name="REGCEB" rev="60">
<attrib name="REGCEB_INV" value="0"/><attrib name="REGCEB" value="1"/></item>
<item name="RSTA" rev="60">
<attrib name="RSTA" value="1"/><attrib name="RSTA_INV" value="0"/></item>
<item name="RSTB" rev="60">
<attrib name="RSTB" value="1"/><attrib name="RSTB_INV" value="0"/></item>
<item name="WEA0" rev="60">
<attrib name="WEA0" value="1"/><attrib name="WEA0_INV" value="0"/></item>
<item name="WEA1" rev="60">
<attrib name="WEA1" value="1"/><attrib name="WEA1_INV" value="0"/></item>
<item name="WEA2" rev="60">
<attrib name="WEA2" value="1"/><attrib name="WEA2_INV" value="0"/></item>
<item name="WEA3" rev="60">
<attrib name="WEA3_INV" value="0"/><attrib name="WEA3" value="1"/></item>
<item name="WEB0" rev="60">
<attrib name="WEB0" value="1"/><attrib name="WEB0_INV" value="0"/></item>
<item name="WEB1" rev="60">
<attrib name="WEB1" value="1"/><attrib name="WEB1_INV" value="0"/></item>
<item name="WEB2" rev="60">
<attrib name="WEB2_INV" value="0"/><attrib name="WEB2" value="1"/></item>
<item name="WEB3" rev="60">
<attrib name="WEB3" value="1"/><attrib name="WEB3_INV" value="0"/></item>
</group>
<group name="RAMB8BWER">
<item name="CLKAWRCLK" rev="60">
<attrib name="CLKAWRCLK" value="1"/><attrib name="CLKAWRCLK_INV" value="0"/></item>
<item name="CLKBRDCLK" rev="60">
<attrib name="CLKBRDCLK_INV" value="0"/><attrib name="CLKBRDCLK" value="1"/></item>
<item name="ENAWREN" rev="60">
<attrib name="ENAWREN" value="1"/><attrib name="ENAWREN_INV" value="0"/></item>
<item name="ENBRDEN" rev="60">
<attrib name="ENBRDEN_INV" value="0"/><attrib name="ENBRDEN" value="1"/></item>
<item name="REGCEA" rev="60">
<attrib name="REGCEA_INV" value="0"/><attrib name="REGCEA" value="1"/></item>
<item name="REGCEBREGCE" rev="60">
<attrib name="REGCEBREGCE_INV" value="0"/><attrib name="REGCEBREGCE" value="1"/></item>
<item name="RSTA" rev="60">
<attrib name="RSTA" value="1"/><attrib name="RSTA_INV" value="0"/></item>
<item name="RSTBRST" rev="60">
<attrib name="RSTBRST" value="1"/><attrib name="RSTBRST_INV" value="0"/></item>
<item name="WEAWEL0" rev="60">
<attrib name="WEAWEL0" value="1"/><attrib name="WEAWEL0_INV" value="0"/></item>
<item name="WEAWEL1" rev="60">
<attrib name="WEAWEL1_INV" value="0"/><attrib name="WEAWEL1" value="1"/></item>
<item name="WEBWEU0" rev="60">
<attrib name="WEBWEU0" value="1"/><attrib name="WEBWEU0_INV" value="0"/></item>
<item name="WEBWEU1" rev="60">
<attrib name="WEBWEU1" value="1"/><attrib name="WEBWEU1_INV" value="0"/></item>
</group>
<group name="BUFIO2_BUFIO2">
<item name="DIVIDE" rev="60">
<attrib name="1" value="1"/></item>
<item name="DIVIDE_BYPASS" rev="60">
<attrib name="TRUE" value="1"/></item>
<item name="I_INVERT" rev="60">
<attrib name="FALSE" value="1"/></item>
</group>
<group name="OLOGIC2_OUTFF">
<item name="CK0" rev="60">
<attrib name="CK0_INV" value="0"/><attrib name="CK0" value="1"/></item>
<item name="CK1" rev="60">
<attrib name="CK1_INV" value="1"/><attrib name="CK1" value="0"/></item>
<item name="DDR_ALIGNMENT" rev="60">
<attrib name="NONE" value="1"/></item>
<item name="OUTFFTYPE" rev="60">
<attrib name="DDR" value="1"/></item>
<item name="SRINIT_OQ" rev="60">
<attrib name="0" value="1"/></item>
<item name="SRTYPE_OQ" rev="60">
<attrib name="SYNC" value="1"/></item>
</group>
<group name="RAMB16BWER_RAMB16BWER">
<item name="CLKA" rev="60">
<attrib name="CLKA_INV" value="0"/><attrib name="CLKA" value="1"/></item>
<item name="CLKB" rev="60">
<attrib name="CLKB_INV" value="0"/><attrib name="CLKB" value="1"/></item>
<item name="DATA_WIDTH_A" rev="60">
<attrib name="18" value="1"/></item>
<item name="DATA_WIDTH_B" rev="60">
<attrib name="18" value="1"/></item>
<item name="DOA_REG" rev="60">
<attrib name="0" value="1"/></item>
<item name="DOB_REG" rev="60">
<attrib name="0" value="1"/></item>
<item name="ENA" rev="60">
<attrib name="ENA_INV" value="0"/><attrib name="ENA" value="1"/></item>
<item name="ENB" rev="60">
<attrib name="ENB_INV" value="0"/><attrib name="ENB" value="1"/></item>
<item name="EN_RSTRAM_A" rev="60">
<attrib name="FALSE" value="1"/></item>
<item name="EN_RSTRAM_B" rev="60">
<attrib name="TRUE" value="1"/></item>
<item name="RAM_MODE" rev="60">
<attrib name="TDP" value="1"/></item>
<item name="REGCEA" rev="60">
<attrib name="REGCEA_INV" value="0"/><attrib name="REGCEA" value="1"/></item>
<item name="REGCEB" rev="60">
<attrib name="REGCEB_INV" value="0"/><attrib name="REGCEB" value="1"/></item>
<item name="RSTA" rev="60">
<attrib name="RSTA" value="1"/><attrib name="RSTA_INV" value="0"/></item>
<item name="RSTB" rev="60">
<attrib name="RSTB" value="1"/><attrib name="RSTB_INV" value="0"/></item>
<item name="RSTTYPE" rev="60">
<attrib name="SYNC" value="1"/></item>
<item name="RST_PRIORITY_A" rev="60">
<attrib name="CE" value="1"/></item>
<item name="RST_PRIORITY_B" rev="60">
<attrib name="CE" value="1"/></item>
<item name="WEA0" rev="60">
<attrib name="WEA0" value="1"/><attrib name="WEA0_INV" value="0"/></item>
<item name="WEA1" rev="60">
<attrib name="WEA1" value="1"/><attrib name="WEA1_INV" value="0"/></item>
<item name="WEA2" rev="60">
<attrib name="WEA2" value="1"/><attrib name="WEA2_INV" value="0"/></item>
<item name="WEA3" rev="60">
<attrib name="WEA3_INV" value="0"/><attrib name="WEA3" value="1"/></item>
<item name="WEB0" rev="60">
<attrib name="WEB0" value="1"/><attrib name="WEB0_INV" value="0"/></item>
<item name="WEB1" rev="60">
<attrib name="WEB1" value="1"/><attrib name="WEB1_INV" value="0"/></item>
<item name="WEB2" rev="60">
<attrib name="WEB2_INV" value="0"/><attrib name="WEB2" value="1"/></item>
<item name="WEB3" rev="60">
<attrib name="WEB3" value="1"/><attrib name="WEB3_INV" value="0"/></item>
<item name="WRITE_MODE_A" rev="60">
<attrib name="WRITE_FIRST" value="1"/></item>
<item name="WRITE_MODE_B" rev="60">
<attrib name="WRITE_FIRST" value="1"/></item>
</group>
<group name="DCM_DCM">
<item name="CLKDV_DIVIDE" rev="60">
<attrib name="2.0" value="1"/></item>
<item name="CLKIN_DIVIDE_BY_2" rev="60">
<attrib name="FALSE" value="1"/></item>
<item name="CLKOUT_PHASE_SHIFT" rev="60">
<attrib name="NONE" value="1"/></item>
<item name="CLK_FEEDBACK" rev="60">
<attrib name="2X" value="1"/></item>
<item name="DESKEW_ADJUST" rev="60">
<attrib name="5" value="1"/></item>
<item name="DFS_FREQUENCY_MODE" rev="60">
<attrib name="LOW" value="1"/></item>
<item name="DLL_FREQUENCY_MODE" rev="60">
<attrib name="LOW" value="1"/></item>
<item name="DSS_MODE" rev="60">
<attrib name="NONE" value="1"/></item>
<item name="DUTY_CYCLE_CORRECTION" rev="60">
<attrib name="TRUE" value="1"/></item>
<item name="PSCLK" rev="60">
<attrib name="PSCLK_INV" value="0"/><attrib name="PSCLK" value="1"/></item>
<item name="PSEN" rev="60">
<attrib name="PSEN_INV" value="0"/><attrib name="PSEN" value="1"/></item>
<item name="PSINCDEC" rev="60">
<attrib name="PSINCDEC" value="1"/><attrib name="PSINCDEC_INV" value="0"/></item>
<item name="RST" rev="60">
<attrib name="RST" value="1"/><attrib name="RST_INV" value="0"/></item>
<item name="STARTUP_WAIT" rev="60">
<attrib name="FALSE" value="1"/></item>
<item name="VERY_HIGH_FREQUENCY" rev="60">
<attrib name="FALSE" value="1"/></item>
</group>
<group name="FF_SR">
<item name="CK" rev="60">
<attrib name="CK" value="114"/><attrib name="CK_INV" value="3"/></item>
<item name="SRINIT" rev="60">
<attrib name="SRINIT0" value="111"/><attrib name="SRINIT1" value="6"/></item>
<item name="SYNC_ATTR" rev="60">
<attrib name="ASYNC" value="106"/><attrib name="SYNC" value="11"/></item>
</group>
<group name="DCM">
<item name="PSCLK" rev="60">
<attrib name="PSCLK_INV" value="0"/><attrib name="PSCLK" value="1"/></item>
<item name="PSEN" rev="60">
<attrib name="PSEN_INV" value="0"/><attrib name="PSEN" value="1"/></item>
<item name="PSINCDEC" rev="60">
<attrib name="PSINCDEC" value="1"/><attrib name="PSINCDEC_INV" value="0"/></item>
<item name="RST" rev="60">
<attrib name="RST" value="1"/><attrib name="RST_INV" value="0"/></item>
</group>
<group name="RAMB8BWER_RAMB8BWER">
<item name="CLKAWRCLK" rev="60">
<attrib name="CLKAWRCLK" value="1"/><attrib name="CLKAWRCLK_INV" value="0"/></item>
<item name="CLKBRDCLK" rev="60">
<attrib name="CLKBRDCLK_INV" value="0"/><attrib name="CLKBRDCLK" value="1"/></item>
<item name="DATA_WIDTH_A" rev="60">
<attrib name="18" value="1"/></item>
<item name="DATA_WIDTH_B" rev="60">
<attrib name="18" value="1"/></item>
<item name="DOA_REG" rev="60">
<attrib name="0" value="1"/></item>
<item name="DOB_REG" rev="60">
<attrib name="0" value="1"/></item>
<item name="ENAWREN" rev="60">
<attrib name="ENAWREN" value="1"/><attrib name="ENAWREN_INV" value="0"/></item>
<item name="ENBRDEN" rev="60">
<attrib name="ENBRDEN_INV" value="0"/><attrib name="ENBRDEN" value="1"/></item>
<item name="EN_RSTRAM_A" rev="60">
<attrib name="TRUE" value="1"/></item>
<item name="EN_RSTRAM_B" rev="60">
<attrib name="TRUE" value="1"/></item>
<item name="RAM_MODE" rev="60">
<attrib name="TDP" value="1"/></item>
<item name="REGCEA" rev="60">
<attrib name="REGCEA_INV" value="0"/><attrib name="REGCEA" value="1"/></item>
<item name="REGCEBREGCE" rev="60">
<attrib name="REGCEBREGCE_INV" value="0"/><attrib name="REGCEBREGCE" value="1"/></item>
<item name="RSTA" rev="60">
<attrib name="RSTA" value="1"/><attrib name="RSTA_INV" value="0"/></item>
<item name="RSTBRST" rev="60">
<attrib name="RSTBRST" value="1"/><attrib name="RSTBRST_INV" value="0"/></item>
<item name="RSTTYPE" rev="60">
<attrib name="SYNC" value="1"/></item>
<item name="RST_PRIORITY_A" rev="60">
<attrib name="CE" value="1"/></item>
<item name="RST_PRIORITY_B" rev="60">
<attrib name="CE" value="1"/></item>
<item name="WEAWEL0" rev="60">
<attrib name="WEAWEL0" value="1"/><attrib name="WEAWEL0_INV" value="0"/></item>
<item name="WEAWEL1" rev="60">
<attrib name="WEAWEL1_INV" value="0"/><attrib name="WEAWEL1" value="1"/></item>
<item name="WEBWEU0" rev="60">
<attrib name="WEBWEU0" value="1"/><attrib name="WEBWEU0_INV" value="0"/></item>
<item name="WEBWEU1" rev="60">
<attrib name="WEBWEU1" value="1"/><attrib name="WEBWEU1_INV" value="0"/></item>
<item name="WRITE_MODE_A" rev="60">
<attrib name="WRITE_FIRST" value="1"/></item>
<item name="WRITE_MODE_B" rev="60">
<attrib name="WRITE_FIRST" value="1"/></item>
</group>
</ReportConfigData>
<ReportPinData TimeStamp="Sat Jul 11 10:05:36 2015"><group name="BUFIO2">
<item name="DIVCLK" rev="60">
<attrib name="value" value="1"/></item>
<item name="I" rev="60">
<attrib name="value" value="1"/></item>
</group>
<group name="REG_SR">
<item name="CE" rev="60">
<attrib name="value" value="458"/></item>
<item name="CK" rev="60">
<attrib name="value" value="724"/></item>
<item name="D" rev="60">
<attrib name="value" value="724"/></item>
<item name="Q" rev="60">
<attrib name="value" value="724"/></item>
<item name="SR" rev="60">
<attrib name="value" value="390"/></item>
</group>
<group name="LUT_OR_MEM5">
<item name="A1" rev="24">
<attrib name="value" value="115"/></item>
<item name="A2" rev="24">
<attrib name="value" value="115"/></item>
<item name="A3" rev="24">
<attrib name="value" value="115"/></item>
<item name="A4" rev="24">
<attrib name="value" value="115"/></item>
<item name="A5" rev="24">
<attrib name="value" value="115"/></item>
<item name="CLK" rev="24">
<attrib name="value" value="114"/></item>
<item name="DI1" rev="24">
<attrib name="value" value="114"/></item>
<item name="O5" rev="24">
<attrib name="value" value="115"/></item>
<item name="WE" rev="24">
<attrib name="value" value="114"/></item>
</group>
<group name="LUT_OR_MEM6">
<item name="A1" rev="60">
<attrib name="value" value="3"/></item>
<item name="A2" rev="60">
<attrib name="value" value="3"/></item>
<item name="A3" rev="60">
<attrib name="value" value="4"/></item>
<item name="A4" rev="60">
<attrib name="value" value="4"/></item>
<item name="A5" rev="60">
<attrib name="value" value="4"/></item>
<item name="A6" rev="60">
<attrib name="value" value="4"/></item>
<item name="CLK" rev="60">
<attrib name="value" value="2"/></item>
<item name="DI1" rev="60">
<attrib name="value" value="1"/></item>
<item name="DI2" rev="60">
<attrib name="value" value="1"/></item>
<item name="O6" rev="60">
<attrib name="value" value="4"/></item>
<item name="WE" rev="60">
<attrib name="value" value="2"/></item>
</group>
<group name="SLICEL">
<item name="A" rev="60">
<attrib name="value" value="4"/></item>
<item name="A1" rev="60">
<attrib name="value" value="15"/></item>
<item name="A2" rev="60">
<attrib name="value" value="30"/></item>
<item name="A3" rev="60">
<attrib name="value" value="32"/></item>
<item name="A4" rev="60">
<attrib name="value" value="72"/></item>
<item name="A5" rev="60">
<attrib name="value" value="62"/></item>
<item name="A6" rev="60">
<attrib name="value" value="83"/></item>
<item name="AMUX" rev="60">
<attrib name="value" value="15"/></item>
<item name="AQ" rev="60">
<attrib name="value" value="45"/></item>
<item name="AX" rev="60">
<attrib name="value" value="25"/></item>
<item name="B" rev="60">
<attrib name="value" value="4"/></item>
<item name="B1" rev="60">
<attrib name="value" value="14"/></item>
<item name="B2" rev="60">
<attrib name="value" value="24"/></item>
<item name="B3" rev="60">
<attrib name="value" value="27"/></item>
<item name="B4" rev="60">
<attrib name="value" value="64"/></item>
<item name="B5" rev="60">
<attrib name="value" value="53"/></item>
<item name="B6" rev="60">
<attrib name="value" value="70"/></item>
<item name="BMUX" rev="60">
<attrib name="value" value="8"/></item>
<item name="BQ" rev="60">
<attrib name="value" value="45"/></item>
<item name="BX" rev="60">
<attrib name="value" value="19"/></item>
<item name="C1" rev="60">
<attrib name="value" value="15"/></item>
<item name="C2" rev="60">
<attrib name="value" value="26"/></item>
<item name="C3" rev="60">
<attrib name="value" value="29"/></item>
<item name="C4" rev="60">
<attrib name="value" value="63"/></item>
<item name="C5" rev="60">
<attrib name="value" value="49"/></item>
<item name="C6" rev="60">
<attrib name="value" value="67"/></item>
<item name="CE" rev="60">
<attrib name="value" value="32"/></item>
<item name="CIN" rev="60">
<attrib name="value" value="51"/></item>
<item name="CLK" rev="60">
<attrib name="value" value="55"/></item>
<item name="CMUX" rev="60">
<attrib name="value" value="10"/></item>
<item name="COUT" rev="60">
<attrib name="value" value="51"/></item>
<item name="CQ" rev="60">
<attrib name="value" value="47"/></item>
<item name="CX" rev="60">
<attrib name="value" value="26"/></item>
<item name="D1" rev="60">
<attrib name="value" value="16"/></item>
<item name="D2" rev="60">
<attrib name="value" value="25"/></item>
<item name="D3" rev="60">
<attrib name="value" value="28"/></item>
<item name="D4" rev="60">
<attrib name="value" value="59"/></item>
<item name="D5" rev="60">
<attrib name="value" value="46"/></item>
<item name="D6" rev="60">
<attrib name="value" value="61"/></item>
<item name="DMUX" rev="60">
<attrib name="value" value="11"/></item>
<item name="DQ" rev="60">
<attrib name="value" value="45"/></item>
<item name="DX" rev="60">
<attrib name="value" value="24"/></item>
<item name="SR" rev="60">
<attrib name="value" value="40"/></item>
</group>
<group name="SLICEM">
<item name="A1" rev="60">
<attrib name="value" value="2"/></item>
<item name="A2" rev="60">
<attrib name="value" value="2"/></item>
<item name="A3" rev="60">
<attrib name="value" value="2"/></item>
<item name="A4" rev="60">
<attrib name="value" value="2"/></item>
<item name="A5" rev="60">
<attrib name="value" value="2"/></item>
<item name="A6" rev="60">
<attrib name="value" value="2"/></item>
<item name="AI" rev="60">
<attrib name="value" value="1"/></item>
<item name="AQ" rev="60">
<attrib name="value" value="2"/></item>
<item name="AX" rev="60">
<attrib name="value" value="1"/></item>
<item name="B" rev="60">
<attrib name="value" value="1"/></item>
<item name="B1" rev="60">
<attrib name="value" value="1"/></item>
<item name="B2" rev="60">
<attrib name="value" value="1"/></item>
<item name="B3" rev="60">
<attrib name="value" value="1"/></item>
<item name="B4" rev="60">
<attrib name="value" value="1"/></item>
<item name="B5" rev="60">
<attrib name="value" value="1"/></item>
<item name="B6" rev="60">
<attrib name="value" value="1"/></item>
<item name="BQ" rev="60">
<attrib name="value" value="2"/></item>
<item name="BX" rev="60">
<attrib name="value" value="2"/></item>
<item name="C" rev="60">
<attrib name="value" value="1"/></item>
<item name="C3" rev="60">
<attrib name="value" value="1"/></item>
<item name="C4" rev="60">
<attrib name="value" value="1"/></item>
<item name="C5" rev="60">
<attrib name="value" value="1"/></item>
<item name="C6" rev="60">
<attrib name="value" value="1"/></item>
<item name="CE" rev="60">
<attrib name="value" value="2"/></item>
<item name="CLK" rev="60">
<attrib name="value" value="2"/></item>
<item name="CQ" rev="60">
<attrib name="value" value="2"/></item>
<item name="CX" rev="60">
<attrib name="value" value="2"/></item>
<item name="DQ" rev="60">
<attrib name="value" value="2"/></item>
<item name="DX" rev="60">
<attrib name="value" value="2"/></item>
</group>
<group name="IOB_OUTBUF">
<item name="IN" rev="60">
<attrib name="value" value="64"/></item>
<item name="OUT" rev="60">
<attrib name="value" value="64"/></item>
<item name="TRI" rev="60">
<attrib name="value" value="16"/></item>
</group>
<group name="SLICEX">
<item name="A" rev="60">
<attrib name="value" value="47"/></item>
<item name="A1" rev="60">
<attrib name="value" value="68"/></item>
<item name="A2" rev="60">
<attrib name="value" value="127"/></item>
<item name="A3" rev="60">
<attrib name="value" value="151"/></item>
<item name="A4" rev="60">
<attrib name="value" value="168"/></item>
<item name="A5" rev="60">
<attrib name="value" value="174"/></item>
<item name="A6" rev="60">
<attrib name="value" value="169"/></item>
<item name="AMUX" rev="60">
<attrib name="value" value="48"/></item>
<item name="AQ" rev="60">
<attrib name="value" value="154"/></item>
<item name="AX" rev="60">
<attrib name="value" value="29"/></item>
<item name="B" rev="60">
<attrib name="value" value="44"/></item>
<item name="B1" rev="60">
<attrib name="value" value="48"/></item>
<item name="B2" rev="60">
<attrib name="value" value="113"/></item>
<item name="B3" rev="60">
<attrib name="value" value="134"/></item>
<item name="B4" rev="60">
<attrib name="value" value="150"/></item>
<item name="B5" rev="60">
<attrib name="value" value="156"/></item>
<item name="B6" rev="60">
<attrib name="value" value="152"/></item>
<item name="BMUX" rev="60">
<attrib name="value" value="40"/></item>
<item name="BQ" rev="60">
<attrib name="value" value="140"/></item>
<item name="BX" rev="60">
<attrib name="value" value="27"/></item>
<item name="C" rev="60">
<attrib name="value" value="35"/></item>
<item name="C1" rev="60">
<attrib name="value" value="50"/></item>
<item name="C2" rev="60">
<attrib name="value" value="115"/></item>
<item name="C3" rev="60">
<attrib name="value" value="127"/></item>
<item name="C4" rev="60">
<attrib name="value" value="138"/></item>
<item name="C5" rev="60">
<attrib name="value" value="145"/></item>
<item name="C6" rev="60">
<attrib name="value" value="138"/></item>
<item name="CE" rev="60">
<attrib name="value" value="94"/></item>
<item name="CLK" rev="60">
<attrib name="value" value="173"/></item>
<item name="CMUX" rev="60">
<attrib name="value" value="41"/></item>
<item name="CQ" rev="60">
<attrib name="value" value="128"/></item>
<item name="CX" rev="60">
<attrib name="value" value="23"/></item>
<item name="D" rev="60">
<attrib name="value" value="38"/></item>
<item name="D1" rev="60">
<attrib name="value" value="42"/></item>
<item name="D2" rev="60">
<attrib name="value" value="100"/></item>
<item name="D3" rev="60">
<attrib name="value" value="114"/></item>
<item name="D4" rev="60">
<attrib name="value" value="126"/></item>
<item name="D5" rev="60">
<attrib name="value" value="133"/></item>
<item name="D6" rev="60">
<attrib name="value" value="129"/></item>
<item name="DMUX" rev="60">
<attrib name="value" value="24"/></item>
<item name="DQ" rev="60">
<attrib name="value" value="112"/></item>
<item name="DX" rev="60">
<attrib name="value" value="19"/></item>
<item name="SR" rev="60">
<attrib name="value" value="97"/></item>
</group>
<group name="BSCAN">
<item name="DRCK" rev="24">
<attrib name="value" value="1"/></item>
<item name="SEL" rev="24">
<attrib name="value" value="1"/></item>
<item name="SHIFT" rev="24">
<attrib name="value" value="1"/></item>
<item name="TDI" rev="24">
<attrib name="value" value="1"/></item>
<item name="TDO" rev="24">
<attrib name="value" value="1"/></item>
<item name="UPDATE" rev="24">
<attrib name="value" value="1"/></item>
</group>
<group name="BUFG_BUFG">
<item name="I0" rev="60">
<attrib name="value" value="5"/></item>
<item name="O" rev="60">
<attrib name="value" value="5"/></item>
</group>
<group name="PAD">
<item name="PAD" rev="60">
<attrib name="value" value="67"/></item>
</group>
<group name="BUFIO2FB">
<item name="I" rev="60">
<attrib name="value" value="1"/></item>
<item name="O" rev="60">
<attrib name="value" value="1"/></item>
</group>
<group name="BSCAN_BSCAN">
<item name="DRCK" rev="24">
<attrib name="value" value="1"/></item>
<item name="SEL" rev="24">
<attrib name="value" value="1"/></item>
<item name="SHIFT" rev="24">
<attrib name="value" value="1"/></item>
<item name="TDI" rev="24">
<attrib name="value" value="1"/></item>
<item name="TDO" rev="24">
<attrib name="value" value="1"/></item>
<item name="UPDATE" rev="24">
<attrib name="value" value="1"/></item>
</group>
<group name="BUFIO2FB_BUFIO2FB">
<item name="I" rev="60">
<attrib name="value" value="1"/></item>
<item name="O" rev="60">
<attrib name="value" value="1"/></item>
</group>
<group name="IOB_INBUF">
<item name="OUT" rev="60">
<attrib name="value" value="19"/></item>
<item name="PAD" rev="60">
<attrib name="value" value="19"/></item>
</group>
<group name="OLOGIC2">
<item name="CLK0" rev="60">
<attrib name="value" value="1"/></item>
<item name="CLK1" rev="60">
<attrib name="value" value="1"/></item>
<item name="D1" rev="60">
<attrib name="value" value="1"/></item>
<item name="D2" rev="60">
<attrib name="value" value="1"/></item>
<item name="OCE" rev="60">
<attrib name="value" value="1"/></item>
<item name="OQ" rev="60">
<attrib name="value" value="1"/></item>
<item name="SR" rev="60">
<attrib name="value" value="1"/></item>
</group>
<group name="RAMB16BWER">
<item name="ADDRA0" rev="60">
<attrib name="value" value="1"/></item>
<item name="ADDRA1" rev="60">
<attrib name="value" value="1"/></item>
<item name="ADDRA10" rev="60">
<attrib name="value" value="1"/></item>
<item name="ADDRA11" rev="60">
<attrib name="value" value="1"/></item>
<item name="ADDRA12" rev="60">
<attrib name="value" value="1"/></item>
<item name="ADDRA13" rev="60">
<attrib name="value" value="1"/></item>
<item name="ADDRA2" rev="60">
<attrib name="value" value="1"/></item>
<item name="ADDRA3" rev="60">
<attrib name="value" value="1"/></item>
<item name="ADDRA4" rev="60">
<attrib name="value" value="1"/></item>
<item name="ADDRA5" rev="60">
<attrib name="value" value="1"/></item>
<item name="ADDRA6" rev="60">
<attrib name="value" value="1"/></item>
<item name="ADDRA7" rev="60">
<attrib name="value" value="1"/></item>
<item name="ADDRA8" rev="60">
<attrib name="value" value="1"/></item>
<item name="ADDRA9" rev="60">
<attrib name="value" value="1"/></item>
<item name="ADDRB0" rev="60">
<attrib name="value" value="1"/></item>
<item name="ADDRB1" rev="60">
<attrib name="value" value="1"/></item>
<item name="ADDRB10" rev="60">
<attrib name="value" value="1"/></item>
<item name="ADDRB11" rev="60">
<attrib name="value" value="1"/></item>
<item name="ADDRB12" rev="60">
<attrib name="value" value="1"/></item>
<item name="ADDRB13" rev="60">
<attrib name="value" value="1"/></item>
<item name="ADDRB2" rev="60">
<attrib name="value" value="1"/></item>
<item name="ADDRB3" rev="60">
<attrib name="value" value="1"/></item>
<item name="ADDRB4" rev="60">
<attrib name="value" value="1"/></item>
<item name="ADDRB5" rev="60">
<attrib name="value" value="1"/></item>
<item name="ADDRB6" rev="60">
<attrib name="value" value="1"/></item>
<item name="ADDRB7" rev="60">
<attrib name="value" value="1"/></item>
<item name="ADDRB8" rev="60">
<attrib name="value" value="1"/></item>
<item name="ADDRB9" rev="60">
<attrib name="value" value="1"/></item>
<item name="CLKA" rev="60">
<attrib name="value" value="1"/></item>
<item name="CLKB" rev="60">
<attrib name="value" value="1"/></item>
<item name="DIA0" rev="60">
<attrib name="value" value="1"/></item>
<item name="DIA1" rev="60">
<attrib name="value" value="1"/></item>
<item name="DIA10" rev="60">
<attrib name="value" value="1"/></item>
<item name="DIA11" rev="60">
<attrib name="value" value="1"/></item>
<item name="DIA12" rev="60">
<attrib name="value" value="1"/></item>
<item name="DIA13" rev="60">
<attrib name="value" value="1"/></item>
<item name="DIA14" rev="60">
<attrib name="value" value="1"/></item>
<item name="DIA15" rev="60">
<attrib name="value" value="1"/></item>
<item name="DIA16" rev="60">
<attrib name="value" value="1"/></item>
<item name="DIA17" rev="60">
<attrib name="value" value="1"/></item>
<item name="DIA18" rev="60">
<attrib name="value" value="1"/></item>
<item name="DIA19" rev="60">
<attrib name="value" value="1"/></item>
<item name="DIA2" rev="60">
<attrib name="value" value="1"/></item>
<item name="DIA20" rev="60">
<attrib name="value" value="1"/></item>
<item name="DIA21" rev="60">
<attrib name="value" value="1"/></item>
<item name="DIA22" rev="60">
<attrib name="value" value="1"/></item>
<item name="DIA23" rev="60">
<attrib name="value" value="1"/></item>
<item name="DIA24" rev="60">
<attrib name="value" value="1"/></item>
<item name="DIA25" rev="60">
<attrib name="value" value="1"/></item>
<item name="DIA26" rev="60">
<attrib name="value" value="1"/></item>
<item name="DIA27" rev="60">
<attrib name="value" value="1"/></item>
<item name="DIA28" rev="60">
<attrib name="value" value="1"/></item>
<item name="DIA29" rev="60">
<attrib name="value" value="1"/></item>
<item name="DIA3" rev="60">
<attrib name="value" value="1"/></item>
<item name="DIA30" rev="60">
<attrib name="value" value="1"/></item>
<item name="DIA31" rev="60">
<attrib name="value" value="1"/></item>
<item name="DIA4" rev="60">
<attrib name="value" value="1"/></item>
<item name="DIA5" rev="60">
<attrib name="value" value="1"/></item>
<item name="DIA6" rev="60">
<attrib name="value" value="1"/></item>
<item name="DIA7" rev="60">
<attrib name="value" value="1"/></item>
<item name="DIA8" rev="60">
<attrib name="value" value="1"/></item>
<item name="DIA9" rev="60">
<attrib name="value" value="1"/></item>
<item name="DIB0" rev="60">
<attrib name="value" value="1"/></item>
<item name="DIB1" rev="60">
<attrib name="value" value="1"/></item>
<item name="DIB10" rev="60">
<attrib name="value" value="1"/></item>
<item name="DIB11" rev="60">
<attrib name="value" value="1"/></item>
<item name="DIB12" rev="60">
<attrib name="value" value="1"/></item>
<item name="DIB13" rev="60">
<attrib name="value" value="1"/></item>
<item name="DIB14" rev="60">
<attrib name="value" value="1"/></item>
<item name="DIB15" rev="60">
<attrib name="value" value="1"/></item>
<item name="DIB16" rev="60">
<attrib name="value" value="1"/></item>
<item name="DIB17" rev="60">
<attrib name="value" value="1"/></item>
<item name="DIB18" rev="60">
<attrib name="value" value="1"/></item>
<item name="DIB19" rev="60">
<attrib name="value" value="1"/></item>
<item name="DIB2" rev="60">
<attrib name="value" value="1"/></item>
<item name="DIB20" rev="60">
<attrib name="value" value="1"/></item>
<item name="DIB21" rev="60">
<attrib name="value" value="1"/></item>
<item name="DIB22" rev="60">
<attrib name="value" value="1"/></item>
<item name="DIB23" rev="60">
<attrib name="value" value="1"/></item>
<item name="DIB24" rev="60">
<attrib name="value" value="1"/></item>
<item name="DIB25" rev="60">
<attrib name="value" value="1"/></item>
<item name="DIB26" rev="60">
<attrib name="value" value="1"/></item>
<item name="DIB27" rev="60">
<attrib name="value" value="1"/></item>
<item name="DIB28" rev="60">
<attrib name="value" value="1"/></item>
<item name="DIB29" rev="60">
<attrib name="value" value="1"/></item>
<item name="DIB3" rev="60">
<attrib name="value" value="1"/></item>
<item name="DIB30" rev="60">
<attrib name="value" value="1"/></item>
<item name="DIB31" rev="60">
<attrib name="value" value="1"/></item>
<item name="DIB4" rev="60">
<attrib name="value" value="1"/></item>
<item name="DIB5" rev="60">
<attrib name="value" value="1"/></item>
<item name="DIB6" rev="60">
<attrib name="value" value="1"/></item>
<item name="DIB7" rev="60">
<attrib name="value" value="1"/></item>
<item name="DIB8" rev="60">
<attrib name="value" value="1"/></item>
<item name="DIB9" rev="60">
<attrib name="value" value="1"/></item>
<item name="DIPA0" rev="60">
<attrib name="value" value="1"/></item>
<item name="DIPA1" rev="60">
<attrib name="value" value="1"/></item>
<item name="DIPA2" rev="60">
<attrib name="value" value="1"/></item>
<item name="DIPA3" rev="60">
<attrib name="value" value="1"/></item>
<item name="DIPB0" rev="60">
<attrib name="value" value="1"/></item>
<item name="DIPB1" rev="60">
<attrib name="value" value="1"/></item>
<item name="DIPB2" rev="60">
<attrib name="value" value="1"/></item>
<item name="DIPB3" rev="60">
<attrib name="value" value="1"/></item>
<item name="DOB0" rev="60">
<attrib name="value" value="1"/></item>
<item name="DOB1" rev="60">
<attrib name="value" value="1"/></item>
<item name="DOB10" rev="60">
<attrib name="value" value="1"/></item>
<item name="DOB11" rev="60">
<attrib name="value" value="1"/></item>
<item name="DOB12" rev="60">
<attrib name="value" value="1"/></item>
<item name="DOB13" rev="60">
<attrib name="value" value="1"/></item>
<item name="DOB14" rev="60">
<attrib name="value" value="1"/></item>
<item name="DOB15" rev="60">
<attrib name="value" value="1"/></item>
<item name="DOB2" rev="60">
<attrib name="value" value="1"/></item>
<item name="DOB3" rev="60">
<attrib name="value" value="1"/></item>
<item name="DOB4" rev="60">
<attrib name="value" value="1"/></item>
<item name="DOB5" rev="60">
<attrib name="value" value="1"/></item>
<item name="DOB6" rev="60">
<attrib name="value" value="1"/></item>
<item name="DOB7" rev="60">
<attrib name="value" value="1"/></item>
<item name="DOB8" rev="60">
<attrib name="value" value="1"/></item>
<item name="DOB9" rev="60">
<attrib name="value" value="1"/></item>
<item name="ENA" rev="60">
<attrib name="value" value="1"/></item>
<item name="ENB" rev="60">
<attrib name="value" value="1"/></item>
<item name="REGCEA" rev="60">
<attrib name="value" value="1"/></item>
<item name="REGCEB" rev="60">
<attrib name="value" value="1"/></item>
<item name="RSTA" rev="60">
<attrib name="value" value="1"/></item>
<item name="RSTB" rev="60">
<attrib name="value" value="1"/></item>
<item name="WEA0" rev="60">
<attrib name="value" value="1"/></item>
<item name="WEA1" rev="60">
<attrib name="value" value="1"/></item>
<item name="WEA2" rev="60">
<attrib name="value" value="1"/></item>
<item name="WEA3" rev="60">
<attrib name="value" value="1"/></item>
<item name="WEB0" rev="60">
<attrib name="value" value="1"/></item>
<item name="WEB1" rev="60">
<attrib name="value" value="1"/></item>
<item name="WEB2" rev="60">
<attrib name="value" value="1"/></item>
<item name="WEB3" rev="60">
<attrib name="value" value="1"/></item>
</group>
<group name="RAMB8BWER">
<item name="ADDRAWRADDR0" rev="60">
<attrib name="value" value="1"/></item>
<item name="ADDRAWRADDR1" rev="60">
<attrib name="value" value="1"/></item>
<item name="ADDRAWRADDR10" rev="60">
<attrib name="value" value="1"/></item>
<item name="ADDRAWRADDR11" rev="60">
<attrib name="value" value="1"/></item>
<item name="ADDRAWRADDR12" rev="60">
<attrib name="value" value="1"/></item>
<item name="ADDRAWRADDR2" rev="60">
<attrib name="value" value="1"/></item>
<item name="ADDRAWRADDR3" rev="60">
<attrib name="value" value="1"/></item>
<item name="ADDRAWRADDR4" rev="60">
<attrib name="value" value="1"/></item>
<item name="ADDRAWRADDR5" rev="60">
<attrib name="value" value="1"/></item>
<item name="ADDRAWRADDR6" rev="60">
<attrib name="value" value="1"/></item>
<item name="ADDRAWRADDR7" rev="60">
<attrib name="value" value="1"/></item>
<item name="ADDRAWRADDR8" rev="60">
<attrib name="value" value="1"/></item>
<item name="ADDRAWRADDR9" rev="60">
<attrib name="value" value="1"/></item>
<item name="ADDRBRDADDR0" rev="60">
<attrib name="value" value="1"/></item>
<item name="ADDRBRDADDR1" rev="60">
<attrib name="value" value="1"/></item>
<item name="ADDRBRDADDR10" rev="60">
<attrib name="value" value="1"/></item>
<item name="ADDRBRDADDR11" rev="60">
<attrib name="value" value="1"/></item>
<item name="ADDRBRDADDR12" rev="60">
<attrib name="value" value="1"/></item>
<item name="ADDRBRDADDR2" rev="60">
<attrib name="value" value="1"/></item>
<item name="ADDRBRDADDR3" rev="60">
<attrib name="value" value="1"/></item>
<item name="ADDRBRDADDR4" rev="60">
<attrib name="value" value="1"/></item>
<item name="ADDRBRDADDR5" rev="60">
<attrib name="value" value="1"/></item>
<item name="ADDRBRDADDR6" rev="60">
<attrib name="value" value="1"/></item>
<item name="ADDRBRDADDR7" rev="60">
<attrib name="value" value="1"/></item>
<item name="ADDRBRDADDR8" rev="60">
<attrib name="value" value="1"/></item>
<item name="ADDRBRDADDR9" rev="60">
<attrib name="value" value="1"/></item>
<item name="CLKAWRCLK" rev="60">
<attrib name="value" value="1"/></item>
<item name="CLKBRDCLK" rev="60">
<attrib name="value" value="1"/></item>
<item name="DIADI0" rev="60">
<attrib name="value" value="1"/></item>
<item name="DIADI1" rev="60">
<attrib name="value" value="1"/></item>
<item name="DIADI10" rev="60">
<attrib name="value" value="1"/></item>
<item name="DIADI11" rev="60">
<attrib name="value" value="1"/></item>
<item name="DIADI12" rev="60">
<attrib name="value" value="1"/></item>
<item name="DIADI13" rev="60">
<attrib name="value" value="1"/></item>
<item name="DIADI14" rev="60">
<attrib name="value" value="1"/></item>
<item name="DIADI15" rev="60">
<attrib name="value" value="1"/></item>
<item name="DIADI2" rev="60">
<attrib name="value" value="1"/></item>
<item name="DIADI3" rev="60">
<attrib name="value" value="1"/></item>
<item name="DIADI4" rev="60">
<attrib name="value" value="1"/></item>
<item name="DIADI5" rev="60">
<attrib name="value" value="1"/></item>
<item name="DIADI6" rev="60">
<attrib name="value" value="1"/></item>
<item name="DIADI7" rev="60">
<attrib name="value" value="1"/></item>
<item name="DIADI8" rev="60">
<attrib name="value" value="1"/></item>
<item name="DIADI9" rev="60">
<attrib name="value" value="1"/></item>
<item name="DIBDI0" rev="60">
<attrib name="value" value="1"/></item>
<item name="DIBDI1" rev="60">
<attrib name="value" value="1"/></item>
<item name="DIBDI10" rev="60">
<attrib name="value" value="1"/></item>
<item name="DIBDI11" rev="60">
<attrib name="value" value="1"/></item>
<item name="DIBDI12" rev="60">
<attrib name="value" value="1"/></item>
<item name="DIBDI13" rev="60">
<attrib name="value" value="1"/></item>
<item name="DIBDI14" rev="60">
<attrib name="value" value="1"/></item>
<item name="DIBDI15" rev="60">
<attrib name="value" value="1"/></item>
<item name="DIBDI2" rev="60">
<attrib name="value" value="1"/></item>
<item name="DIBDI3" rev="60">
<attrib name="value" value="1"/></item>
<item name="DIBDI4" rev="60">
<attrib name="value" value="1"/></item>
<item name="DIBDI5" rev="60">
<attrib name="value" value="1"/></item>
<item name="DIBDI6" rev="60">
<attrib name="value" value="1"/></item>
<item name="DIBDI7" rev="60">
<attrib name="value" value="1"/></item>
<item name="DIBDI8" rev="60">
<attrib name="value" value="1"/></item>
<item name="DIBDI9" rev="60">
<attrib name="value" value="1"/></item>
<item name="DIPADIP0" rev="60">
<attrib name="value" value="1"/></item>
<item name="DIPADIP1" rev="60">
<attrib name="value" value="1"/></item>
<item name="DIPBDIP0" rev="60">
<attrib name="value" value="1"/></item>
<item name="DIPBDIP1" rev="60">
<attrib name="value" value="1"/></item>
<item name="DOBDO0" rev="60">
<attrib name="value" value="1"/></item>
<item name="DOBDO1" rev="60">
<attrib name="value" value="1"/></item>
<item name="DOBDO10" rev="60">
<attrib name="value" value="1"/></item>
<item name="DOBDO11" rev="60">
<attrib name="value" value="1"/></item>
<item name="DOBDO12" rev="60">
<attrib name="value" value="1"/></item>
<item name="DOBDO13" rev="60">
<attrib name="value" value="1"/></item>
<item name="DOBDO14" rev="60">
<attrib name="value" value="1"/></item>
<item name="DOBDO15" rev="60">
<attrib name="value" value="1"/></item>
<item name="DOBDO2" rev="60">
<attrib name="value" value="1"/></item>
<item name="DOBDO3" rev="60">
<attrib name="value" value="1"/></item>
<item name="DOBDO4" rev="60">
<attrib name="value" value="1"/></item>
<item name="DOBDO5" rev="60">
<attrib name="value" value="1"/></item>
<item name="DOBDO6" rev="60">
<attrib name="value" value="1"/></item>
<item name="DOBDO7" rev="60">
<attrib name="value" value="1"/></item>
<item name="DOBDO8" rev="60">
<attrib name="value" value="1"/></item>
<item name="DOBDO9" rev="60">
<attrib name="value" value="1"/></item>
<item name="ENAWREN" rev="60">
<attrib name="value" value="1"/></item>
<item name="ENBRDEN" rev="60">
<attrib name="value" value="1"/></item>
<item name="REGCEA" rev="60">
<attrib name="value" value="1"/></item>
<item name="REGCEBREGCE" rev="60">
<attrib name="value" value="1"/></item>
<item name="RSTA" rev="60">
<attrib name="value" value="1"/></item>
<item name="RSTBRST" rev="60">
<attrib name="value" value="1"/></item>
<item name="WEAWEL0" rev="60">
<attrib name="value" value="1"/></item>
<item name="WEAWEL1" rev="60">
<attrib name="value" value="1"/></item>
<item name="WEBWEU0" rev="60">
<attrib name="value" value="1"/></item>
<item name="WEBWEU1" rev="60">
<attrib name="value" value="1"/></item>
</group>
<group name="CARRY4">
<item name="CIN" rev="60">
<attrib name="value" value="51"/></item>
<item name="CO0" rev="60">
<attrib name="value" value="9"/></item>
<item name="CO3" rev="60">
<attrib name="value" value="56"/></item>
<item name="CYINIT" rev="60">
<attrib name="value" value="29"/></item>
<item name="DI0" rev="60">
<attrib name="value" value="76"/></item>
<item name="DI1" rev="60">
<attrib name="value" value="65"/></item>
<item name="DI2" rev="60">
<attrib name="value" value="60"/></item>
<item name="DI3" rev="60">
<attrib name="value" value="55"/></item>
<item name="O0" rev="60">
<attrib name="value" value="47"/></item>
<item name="O1" rev="60">
<attrib name="value" value="45"/></item>
<item name="O2" rev="60">
<attrib name="value" value="42"/></item>
<item name="O3" rev="60">
<attrib name="value" value="38"/></item>
<item name="S0" rev="60">
<attrib name="value" value="80"/></item>
<item name="S1" rev="60">
<attrib name="value" value="68"/></item>
<item name="S2" rev="60">
<attrib name="value" value="65"/></item>
<item name="S3" rev="60">
<attrib name="value" value="61"/></item>
</group>
<group name="BUFIO2_BUFIO2">
<item name="DIVCLK" rev="60">
<attrib name="value" value="1"/></item>
<item name="I" rev="60">
<attrib name="value" value="1"/></item>
</group>
<group name="OLOGIC2_OUTFF">
<item name="CE" rev="60">
<attrib name="value" value="1"/></item>
<item name="CK0" rev="60">
<attrib name="value" value="1"/></item>
<item name="CK1" rev="60">
<attrib name="value" value="1"/></item>
<item name="D1" rev="60">
<attrib name="value" value="1"/></item>
<item name="D2" rev="60">
<attrib name="value" value="1"/></item>
<item name="Q" rev="60">
<attrib name="value" value="1"/></item>
<item name="SR" rev="60">
<attrib name="value" value="1"/></item>
</group>
<group name="LUT5">
<item name="A1" rev="60">
<attrib name="value" value="37"/></item>
<item name="A2" rev="60">
<attrib name="value" value="52"/></item>
<item name="A3" rev="60">
<attrib name="value" value="104"/></item>
<item name="A4" rev="60">
<attrib name="value" value="92"/></item>
<item name="A5" rev="60">
<attrib name="value" value="79"/></item>
<item name="O5" rev="60">
<attrib name="value" value="358"/></item>
</group>
<group name="LUT6">
<item name="A1" rev="60">
<attrib name="value" value="245"/></item>
<item name="A2" rev="60">
<attrib name="value" value="539"/></item>
<item name="A3" rev="60">
<attrib name="value" value="586"/></item>
<item name="A4" rev="60">
<attrib name="value" value="820"/></item>
<item name="A5" rev="60">
<attrib name="value" value="785"/></item>
<item name="A6" rev="60">
<attrib name="value" value="869"/></item>
<item name="O6" rev="60">
<attrib name="value" value="879"/></item>
</group>
<group name="RAMB16BWER_RAMB16BWER">
<item name="ADDRA0" rev="60">
<attrib name="value" value="1"/></item>
<item name="ADDRA1" rev="60">
<attrib name="value" value="1"/></item>
<item name="ADDRA10" rev="60">
<attrib name="value" value="1"/></item>
<item name="ADDRA11" rev="60">
<attrib name="value" value="1"/></item>
<item name="ADDRA12" rev="60">
<attrib name="value" value="1"/></item>
<item name="ADDRA13" rev="60">
<attrib name="value" value="1"/></item>
<item name="ADDRA2" rev="60">
<attrib name="value" value="1"/></item>
<item name="ADDRA3" rev="60">
<attrib name="value" value="1"/></item>
<item name="ADDRA4" rev="60">
<attrib name="value" value="1"/></item>
<item name="ADDRA5" rev="60">
<attrib name="value" value="1"/></item>
<item name="ADDRA6" rev="60">
<attrib name="value" value="1"/></item>
<item name="ADDRA7" rev="60">
<attrib name="value" value="1"/></item>
<item name="ADDRA8" rev="60">
<attrib name="value" value="1"/></item>
<item name="ADDRA9" rev="60">
<attrib name="value" value="1"/></item>
<item name="ADDRB0" rev="60">
<attrib name="value" value="1"/></item>
<item name="ADDRB1" rev="60">
<attrib name="value" value="1"/></item>
<item name="ADDRB10" rev="60">
<attrib name="value" value="1"/></item>
<item name="ADDRB11" rev="60">
<attrib name="value" value="1"/></item>
<item name="ADDRB12" rev="60">
<attrib name="value" value="1"/></item>
<item name="ADDRB13" rev="60">
<attrib name="value" value="1"/></item>
<item name="ADDRB2" rev="60">
<attrib name="value" value="1"/></item>
<item name="ADDRB3" rev="60">
<attrib name="value" value="1"/></item>
<item name="ADDRB4" rev="60">
<attrib name="value" value="1"/></item>
<item name="ADDRB5" rev="60">
<attrib name="value" value="1"/></item>
<item name="ADDRB6" rev="60">
<attrib name="value" value="1"/></item>
<item name="ADDRB7" rev="60">
<attrib name="value" value="1"/></item>
<item name="ADDRB8" rev="60">
<attrib name="value" value="1"/></item>
<item name="ADDRB9" rev="60">
<attrib name="value" value="1"/></item>
<item name="CLKA" rev="60">
<attrib name="value" value="1"/></item>
<item name="CLKB" rev="60">
<attrib name="value" value="1"/></item>
<item name="DIA0" rev="60">
<attrib name="value" value="1"/></item>
<item name="DIA1" rev="60">
<attrib name="value" value="1"/></item>
<item name="DIA10" rev="60">
<attrib name="value" value="1"/></item>
<item name="DIA11" rev="60">
<attrib name="value" value="1"/></item>
<item name="DIA12" rev="60">
<attrib name="value" value="1"/></item>
<item name="DIA13" rev="60">
<attrib name="value" value="1"/></item>
<item name="DIA14" rev="60">
<attrib name="value" value="1"/></item>
<item name="DIA15" rev="60">
<attrib name="value" value="1"/></item>
<item name="DIA16" rev="60">
<attrib name="value" value="1"/></item>
<item name="DIA17" rev="60">
<attrib name="value" value="1"/></item>
<item name="DIA18" rev="60">
<attrib name="value" value="1"/></item>
<item name="DIA19" rev="60">
<attrib name="value" value="1"/></item>
<item name="DIA2" rev="60">
<attrib name="value" value="1"/></item>
<item name="DIA20" rev="60">
<attrib name="value" value="1"/></item>
<item name="DIA21" rev="60">
<attrib name="value" value="1"/></item>
<item name="DIA22" rev="60">
<attrib name="value" value="1"/></item>
<item name="DIA23" rev="60">
<attrib name="value" value="1"/></item>
<item name="DIA24" rev="60">
<attrib name="value" value="1"/></item>
<item name="DIA25" rev="60">
<attrib name="value" value="1"/></item>
<item name="DIA26" rev="60">
<attrib name="value" value="1"/></item>
<item name="DIA27" rev="60">
<attrib name="value" value="1"/></item>
<item name="DIA28" rev="60">
<attrib name="value" value="1"/></item>
<item name="DIA29" rev="60">
<attrib name="value" value="1"/></item>
<item name="DIA3" rev="60">
<attrib name="value" value="1"/></item>
<item name="DIA30" rev="60">
<attrib name="value" value="1"/></item>
<item name="DIA31" rev="60">
<attrib name="value" value="1"/></item>
<item name="DIA4" rev="60">
<attrib name="value" value="1"/></item>
<item name="DIA5" rev="60">
<attrib name="value" value="1"/></item>
<item name="DIA6" rev="60">
<attrib name="value" value="1"/></item>
<item name="DIA7" rev="60">
<attrib name="value" value="1"/></item>
<item name="DIA8" rev="60">
<attrib name="value" value="1"/></item>
<item name="DIA9" rev="60">
<attrib name="value" value="1"/></item>
<item name="DIB0" rev="60">
<attrib name="value" value="1"/></item>
<item name="DIB1" rev="60">
<attrib name="value" value="1"/></item>
<item name="DIB10" rev="60">
<attrib name="value" value="1"/></item>
<item name="DIB11" rev="60">
<attrib name="value" value="1"/></item>
<item name="DIB12" rev="60">
<attrib name="value" value="1"/></item>
<item name="DIB13" rev="60">
<attrib name="value" value="1"/></item>
<item name="DIB14" rev="60">
<attrib name="value" value="1"/></item>
<item name="DIB15" rev="60">
<attrib name="value" value="1"/></item>
<item name="DIB16" rev="60">
<attrib name="value" value="1"/></item>
<item name="DIB17" rev="60">
<attrib name="value" value="1"/></item>
<item name="DIB18" rev="60">
<attrib name="value" value="1"/></item>
<item name="DIB19" rev="60">
<attrib name="value" value="1"/></item>
<item name="DIB2" rev="60">
<attrib name="value" value="1"/></item>
<item name="DIB20" rev="60">
<attrib name="value" value="1"/></item>
<item name="DIB21" rev="60">
<attrib name="value" value="1"/></item>
<item name="DIB22" rev="60">
<attrib name="value" value="1"/></item>
<item name="DIB23" rev="60">
<attrib name="value" value="1"/></item>
<item name="DIB24" rev="60">
<attrib name="value" value="1"/></item>
<item name="DIB25" rev="60">
<attrib name="value" value="1"/></item>
<item name="DIB26" rev="60">
<attrib name="value" value="1"/></item>
<item name="DIB27" rev="60">
<attrib name="value" value="1"/></item>
<item name="DIB28" rev="60">
<attrib name="value" value="1"/></item>
<item name="DIB29" rev="60">
<attrib name="value" value="1"/></item>
<item name="DIB3" rev="60">
<attrib name="value" value="1"/></item>
<item name="DIB30" rev="60">
<attrib name="value" value="1"/></item>
<item name="DIB31" rev="60">
<attrib name="value" value="1"/></item>
<item name="DIB4" rev="60">
<attrib name="value" value="1"/></item>
<item name="DIB5" rev="60">
<attrib name="value" value="1"/></item>
<item name="DIB6" rev="60">
<attrib name="value" value="1"/></item>
<item name="DIB7" rev="60">
<attrib name="value" value="1"/></item>
<item name="DIB8" rev="60">
<attrib name="value" value="1"/></item>
<item name="DIB9" rev="60">
<attrib name="value" value="1"/></item>
<item name="DIPA0" rev="60">
<attrib name="value" value="1"/></item>
<item name="DIPA1" rev="60">
<attrib name="value" value="1"/></item>
<item name="DIPA2" rev="60">
<attrib name="value" value="1"/></item>
<item name="DIPA3" rev="60">
<attrib name="value" value="1"/></item>
<item name="DIPB0" rev="60">
<attrib name="value" value="1"/></item>
<item name="DIPB1" rev="60">
<attrib name="value" value="1"/></item>
<item name="DIPB2" rev="60">
<attrib name="value" value="1"/></item>
<item name="DIPB3" rev="60">
<attrib name="value" value="1"/></item>
<item name="DOB0" rev="60">
<attrib name="value" value="1"/></item>
<item name="DOB1" rev="60">
<attrib name="value" value="1"/></item>
<item name="DOB10" rev="60">
<attrib name="value" value="1"/></item>
<item name="DOB11" rev="60">
<attrib name="value" value="1"/></item>
<item name="DOB12" rev="60">
<attrib name="value" value="1"/></item>
<item name="DOB13" rev="60">
<attrib name="value" value="1"/></item>
<item name="DOB14" rev="60">
<attrib name="value" value="1"/></item>
<item name="DOB15" rev="60">
<attrib name="value" value="1"/></item>
<item name="DOB2" rev="60">
<attrib name="value" value="1"/></item>
<item name="DOB3" rev="60">
<attrib name="value" value="1"/></item>
<item name="DOB4" rev="60">
<attrib name="value" value="1"/></item>
<item name="DOB5" rev="60">
<attrib name="value" value="1"/></item>
<item name="DOB6" rev="60">
<attrib name="value" value="1"/></item>
<item name="DOB7" rev="60">
<attrib name="value" value="1"/></item>
<item name="DOB8" rev="60">
<attrib name="value" value="1"/></item>
<item name="DOB9" rev="60">
<attrib name="value" value="1"/></item>
<item name="ENA" rev="60">
<attrib name="value" value="1"/></item>
<item name="ENB" rev="60">
<attrib name="value" value="1"/></item>
<item name="REGCEA" rev="60">
<attrib name="value" value="1"/></item>
<item name="REGCEB" rev="60">
<attrib name="value" value="1"/></item>
<item name="RSTA" rev="60">
<attrib name="value" value="1"/></item>
<item name="RSTB" rev="60">
<attrib name="value" value="1"/></item>
<item name="WEA0" rev="60">
<attrib name="value" value="1"/></item>
<item name="WEA1" rev="60">
<attrib name="value" value="1"/></item>
<item name="WEA2" rev="60">
<attrib name="value" value="1"/></item>
<item name="WEA3" rev="60">
<attrib name="value" value="1"/></item>
<item name="WEB0" rev="60">
<attrib name="value" value="1"/></item>
<item name="WEB1" rev="60">
<attrib name="value" value="1"/></item>
<item name="WEB2" rev="60">
<attrib name="value" value="1"/></item>
<item name="WEB3" rev="60">
<attrib name="value" value="1"/></item>
</group>
<group name="SELMUX2_1">
<item name="0" rev="60">
<attrib name="value" value="4"/></item>
<item name="1" rev="60">
<attrib name="value" value="4"/></item>
<item name="OUT" rev="60">
<attrib name="value" value="4"/></item>
<item name="S0" rev="60">
<attrib name="value" value="4"/></item>
</group>
<group name="INVERTER">
<item name="IN" rev="60">
<attrib name="value" value="1"/></item>
<item name="OUT" rev="60">
<attrib name="value" value="1"/></item>
</group>
<group name="IOB_IMUX">
<item name="I" rev="60">
<attrib name="value" value="18"/></item>
<item name="I_B" rev="60">
<attrib name="value" value="1"/></item>
<item name="OUT" rev="60">
<attrib name="value" value="19"/></item>
</group>
<group name="IOB">
<item name="I" rev="60">
<attrib name="value" value="19"/></item>
<item name="O" rev="60">
<attrib name="value" value="64"/></item>
<item name="PAD" rev="60">
<attrib name="value" value="67"/></item>
<item name="T" rev="60">
<attrib name="value" value="16"/></item>
</group>
<group name="DCM_DCM">
<item name="CLK2X" rev="60">
<attrib name="value" value="1"/></item>
<item name="CLKDV" rev="60">
<attrib name="value" value="1"/></item>
<item name="CLKFB" rev="60">
<attrib name="value" value="1"/></item>
<item name="CLKFX" rev="60">
<attrib name="value" value="1"/></item>
<item name="CLKIN" rev="60">
<attrib name="value" value="1"/></item>
<item name="PSCLK" rev="60">
<attrib name="value" value="1"/></item>
<item name="PSEN" rev="60">
<attrib name="value" value="1"/></item>
<item name="PSINCDEC" rev="60">
<attrib name="value" value="1"/></item>
<item name="RST" rev="60">
<attrib name="value" value="1"/></item>
</group>
<group name="HARD0">
<item name="0" rev="60">
<attrib name="value" value="8"/></item>
</group>
<group name="HARD1">
<item name="1" rev="60">
<attrib name="value" value="16"/></item>
</group>
<group name="FF_SR">
<item name="CE" rev="60">
<attrib name="value" value="57"/></item>
<item name="CK" rev="60">
<attrib name="value" value="117"/></item>
<item name="D" rev="60">
<attrib name="value" value="117"/></item>
<item name="Q" rev="60">
<attrib name="value" value="117"/></item>
<item name="SR" rev="60">
<attrib name="value" value="102"/></item>
</group>
<group name="BUFG">
<item name="I0" rev="60">
<attrib name="value" value="5"/></item>
<item name="O" rev="60">
<attrib name="value" value="5"/></item>
</group>
<group name="DCM">
<item name="CLK2X" rev="60">
<attrib name="value" value="1"/></item>
<item name="CLKDV" rev="60">
<attrib name="value" value="1"/></item>
<item name="CLKFB" rev="60">
<attrib name="value" value="1"/></item>
<item name="CLKFX" rev="60">
<attrib name="value" value="1"/></item>
<item name="CLKIN" rev="60">
<attrib name="value" value="1"/></item>
<item name="PSCLK" rev="60">
<attrib name="value" value="1"/></item>
<item name="PSEN" rev="60">
<attrib name="value" value="1"/></item>
<item name="PSINCDEC" rev="60">
<attrib name="value" value="1"/></item>
<item name="RST" rev="60">
<attrib name="value" value="1"/></item>
</group>
<group name="RAMB8BWER_RAMB8BWER">
<item name="ADDRAWRADDR0" rev="60">
<attrib name="value" value="1"/></item>
<item name="ADDRAWRADDR1" rev="60">
<attrib name="value" value="1"/></item>
<item name="ADDRAWRADDR10" rev="60">
<attrib name="value" value="1"/></item>
<item name="ADDRAWRADDR11" rev="60">
<attrib name="value" value="1"/></item>
<item name="ADDRAWRADDR12" rev="60">
<attrib name="value" value="1"/></item>
<item name="ADDRAWRADDR2" rev="60">
<attrib name="value" value="1"/></item>
<item name="ADDRAWRADDR3" rev="60">
<attrib name="value" value="1"/></item>
<item name="ADDRAWRADDR4" rev="60">
<attrib name="value" value="1"/></item>
<item name="ADDRAWRADDR5" rev="60">
<attrib name="value" value="1"/></item>
<item name="ADDRAWRADDR6" rev="60">
<attrib name="value" value="1"/></item>
<item name="ADDRAWRADDR7" rev="60">
<attrib name="value" value="1"/></item>
<item name="ADDRAWRADDR8" rev="60">
<attrib name="value" value="1"/></item>
<item name="ADDRAWRADDR9" rev="60">
<attrib name="value" value="1"/></item>
<item name="ADDRBRDADDR0" rev="60">
<attrib name="value" value="1"/></item>
<item name="ADDRBRDADDR1" rev="60">
<attrib name="value" value="1"/></item>
<item name="ADDRBRDADDR10" rev="60">
<attrib name="value" value="1"/></item>
<item name="ADDRBRDADDR11" rev="60">
<attrib name="value" value="1"/></item>
<item name="ADDRBRDADDR12" rev="60">
<attrib name="value" value="1"/></item>
<item name="ADDRBRDADDR2" rev="60">
<attrib name="value" value="1"/></item>
<item name="ADDRBRDADDR3" rev="60">
<attrib name="value" value="1"/></item>
<item name="ADDRBRDADDR4" rev="60">
<attrib name="value" value="1"/></item>
<item name="ADDRBRDADDR5" rev="60">
<attrib name="value" value="1"/></item>
<item name="ADDRBRDADDR6" rev="60">
<attrib name="value" value="1"/></item>
<item name="ADDRBRDADDR7" rev="60">
<attrib name="value" value="1"/></item>
<item name="ADDRBRDADDR8" rev="60">
<attrib name="value" value="1"/></item>
<item name="ADDRBRDADDR9" rev="60">
<attrib name="value" value="1"/></item>
<item name="CLKAWRCLK" rev="60">
<attrib name="value" value="1"/></item>
<item name="CLKBRDCLK" rev="60">
<attrib name="value" value="1"/></item>
<item name="DIADI0" rev="60">
<attrib name="value" value="1"/></item>
<item name="DIADI1" rev="60">
<attrib name="value" value="1"/></item>
<item name="DIADI10" rev="60">
<attrib name="value" value="1"/></item>
<item name="DIADI11" rev="60">
<attrib name="value" value="1"/></item>
<item name="DIADI12" rev="60">
<attrib name="value" value="1"/></item>
<item name="DIADI13" rev="60">
<attrib name="value" value="1"/></item>
<item name="DIADI14" rev="60">
<attrib name="value" value="1"/></item>
<item name="DIADI15" rev="60">
<attrib name="value" value="1"/></item>
<item name="DIADI2" rev="60">
<attrib name="value" value="1"/></item>
<item name="DIADI3" rev="60">
<attrib name="value" value="1"/></item>
<item name="DIADI4" rev="60">
<attrib name="value" value="1"/></item>
<item name="DIADI5" rev="60">
<attrib name="value" value="1"/></item>
<item name="DIADI6" rev="60">
<attrib name="value" value="1"/></item>
<item name="DIADI7" rev="60">
<attrib name="value" value="1"/></item>
<item name="DIADI8" rev="60">
<attrib name="value" value="1"/></item>
<item name="DIADI9" rev="60">
<attrib name="value" value="1"/></item>
<item name="DIBDI0" rev="60">
<attrib name="value" value="1"/></item>
<item name="DIBDI1" rev="60">
<attrib name="value" value="1"/></item>
<item name="DIBDI10" rev="60">
<attrib name="value" value="1"/></item>
<item name="DIBDI11" rev="60">
<attrib name="value" value="1"/></item>
<item name="DIBDI12" rev="60">
<attrib name="value" value="1"/></item>
<item name="DIBDI13" rev="60">
<attrib name="value" value="1"/></item>
<item name="DIBDI14" rev="60">
<attrib name="value" value="1"/></item>
<item name="DIBDI15" rev="60">
<attrib name="value" value="1"/></item>
<item name="DIBDI2" rev="60">
<attrib name="value" value="1"/></item>
<item name="DIBDI3" rev="60">
<attrib name="value" value="1"/></item>
<item name="DIBDI4" rev="60">
<attrib name="value" value="1"/></item>
<item name="DIBDI5" rev="60">
<attrib name="value" value="1"/></item>
<item name="DIBDI6" rev="60">
<attrib name="value" value="1"/></item>
<item name="DIBDI7" rev="60">
<attrib name="value" value="1"/></item>
<item name="DIBDI8" rev="60">
<attrib name="value" value="1"/></item>
<item name="DIBDI9" rev="60">
<attrib name="value" value="1"/></item>
<item name="DIPADIP0" rev="60">
<attrib name="value" value="1"/></item>
<item name="DIPADIP1" rev="60">
<attrib name="value" value="1"/></item>
<item name="DIPBDIP0" rev="60">
<attrib name="value" value="1"/></item>
<item name="DIPBDIP1" rev="60">
<attrib name="value" value="1"/></item>
<item name="DOBDO0" rev="60">
<attrib name="value" value="1"/></item>
<item name="DOBDO1" rev="60">
<attrib name="value" value="1"/></item>
<item name="DOBDO10" rev="60">
<attrib name="value" value="1"/></item>
<item name="DOBDO11" rev="60">
<attrib name="value" value="1"/></item>
<item name="DOBDO12" rev="60">
<attrib name="value" value="1"/></item>
<item name="DOBDO13" rev="60">
<attrib name="value" value="1"/></item>
<item name="DOBDO14" rev="60">
<attrib name="value" value="1"/></item>
<item name="DOBDO15" rev="60">
<attrib name="value" value="1"/></item>
<item name="DOBDO2" rev="60">
<attrib name="value" value="1"/></item>
<item name="DOBDO3" rev="60">
<attrib name="value" value="1"/></item>
<item name="DOBDO4" rev="60">
<attrib name="value" value="1"/></item>
<item name="DOBDO5" rev="60">
<attrib name="value" value="1"/></item>
<item name="DOBDO6" rev="60">
<attrib name="value" value="1"/></item>
<item name="DOBDO7" rev="60">
<attrib name="value" value="1"/></item>
<item name="DOBDO8" rev="60">
<attrib name="value" value="1"/></item>
<item name="DOBDO9" rev="60">
<attrib name="value" value="1"/></item>
<item name="ENAWREN" rev="60">
<attrib name="value" value="1"/></item>
<item name="ENBRDEN" rev="60">
<attrib name="value" value="1"/></item>
<item name="REGCEA" rev="60">
<attrib name="value" value="1"/></item>
<item name="REGCEBREGCE" rev="60">
<attrib name="value" value="1"/></item>
<item name="RSTA" rev="60">
<attrib name="value" value="1"/></item>
<item name="RSTBRST" rev="60">
<attrib name="value" value="1"/></item>
<item name="WEAWEL0" rev="60">
<attrib name="value" value="1"/></item>
<item name="WEAWEL1" rev="60">
<attrib name="value" value="1"/></item>
<item name="WEBWEU0" rev="60">
<attrib name="value" value="1"/></item>
<item name="WEBWEU1" rev="60">
<attrib name="value" value="1"/></item>
</group>
</ReportPinData>
<CmdHistory>
</CmdHistory>
</DeviceUsageSummary>
